URL,Last crawled
https://norskeord.no/plus?checkout=1,2026-06-26
https://norskeord.no/plus?ref=quiz-category-upsell,2026-06-24
https://norskeord.no/quiz?level=C,2026-06-21
https://norskeord.no/quiz?level=B2,2026-06-21
https://norskeord.no/grammar/ikke-placement?from=b1,2026-06-13
https://norskeord.no/grammar/v2-word-order?from=b1,2026-06-13
https://norskeord.no/plus?ref=category-lock,2026-06-11
https://norskeord.no/quiz?level=B1,2026-06-10
https://norskeord.no/plus?ref=practice-test-lock,2026-06-09
https://norskeord.no/quiz?level=A2,2026-06-09
https://norskeord.no/quiz?level=A1,2026-06-09
https://norskeord.no/plus?ref=grammar-topics,2026-06-08
https://norskeord.no/plus?ref=hub-vocab-badge,2026-06-08
https://norskeord.no/plus?ref=hub-grammar,2026-06-08
https://norskeord.no/plus?ref=norskproven-b1,2026-06-01